Workbook

Sheet Asumsi
A1: ASUMSI (sel kuning dapat diubah; harga satuan adalah ASUMSI yang perlu diverifikasi)
A3: Pagu maksimum | B3: 510000000 | C3: RFP bagian E
A4: Personel per kunjungan | B4: 3 | C4: 2 TPN + 1 mitra (RFP)
A5: Tarif akomodasi per orang per malam | B5: 850000 | C5: RFP
A6: Malam per kunjungan standar | B6: 3 | C6: RFP
A7: Malam tambahan per LPTK berikutnya dalam klaster | B7: 2 | C7: Rancangan klaster
A8: Tiket PP rata-rata per orang | B8: 3000000 | C8: ASUMSI: verifikasi rute dan harga aktual
A9: Transportasi lokal per hari | B9: 900000 | C9: ASUMSI: mobil, driver, BBM
A10: Hari transportasi lokal per kunjungan | B10: 3 | C10: ASUMSI
A11: Uang harian dan logistik per orang per hari | B11: 350000 | C11: ASUMSI
A12: Honorarium TPN per orang per kunjungan | B12: 7500000 | C12: ASUMSI: acuan SBM Kementerian, tanyakan ke TF
A13: Jumlah TPN per kunjungan | B13: 2 | C13: RFP
A14: Platform, repositori, alat data (paket) | B14: 9900000 | C14: ASUMSI
... A21: Total malam LPTK inti (klaster) | B21: 29 | C21: 9+5+3+9+3

Sheet RAB Usulan (14 LPTK)
A1: RENCANA ANGGARAN BIAYA (usulan utama: 12 LPTK inti + LPTK tambahan)
A3: No | B3: Komponen | C3: Satuan biaya | D3: Volume | E3: Durasi/Pengali | F3: Subtotal
A4: 1 | B4: Honorarium TPN | C4: =Asumsi!$B$12 | D4: =Asumsi!$B$13 | E4: =Asumsi!$B$18+Asumsi!$B$19 | F4: =C4*D4*E4
A5: 2 | B5: Akomodasi (malam-orang) | C5: =Asumsi!$B$5 | D5: =Asumsi!$B$4 | E5: =Asumsi!$B$21+Asumsi!$B$19*Asumsi!$B$6 | F5: =C5*D5*E5
A6: 3 | B6: Tiket pulang-pergi | C6: =Asumsi!$B$8 | D6: =Asumsi!$B$4 | E6: =Asumsi!$B$20+Asumsi!$B$19 | F6: =C6*D6*E6
A7: 4 | B7: Transportasi lokal (hari kunjungan) | C7: =Asumsi!$B$9 | D7: =Asumsi!$B$18+Asumsi!$B$19 | E7: =Asumsi!$B$10 | F7: =C7*D7*E7
A8: 5 | B8: Uang harian dan logistik | C8: =Asumsi!$B$11 | D8: =(Asumsi!$B$18+Asumsi!$B$19)*Asumsi!$B$4 | E8: =Asumsi!$B$10 | F8: =C8*D8*E8
A9: 6 | B9: Platform, repositori, alat data | C9: =Asumsi!$B$14 | D9: 1 | E9: 1 | F9: =C9*D9*E9
A10: 7 | B10: Kontingensi perjalanan | C10: =Asumsi!$B$15 | D10: 1 | E10: 1 | F10: =C10*D10*E10
B11: Subtotal perjalanan dan logistik | F11: =SUM(F4:F10)
B12: Management fee (termasuk honorarium mitra) | F12: =Asumsi!$B$16
B13: PPN atas management fee | F13: =ROUND(F12*Asumsi!$B$17,0)
B14: TOTAL | F14: =F11+F12+F13
B15: Selisih terhadap pagu (harus nol atau positif) | F15: =Asumsi!$B$3-F14
B16: Porsi perjalanan dan logistik (band RFP 90-92%) | F16: =F11/F14
B17: Porsi fee + pajak (band RFP 8-10%) | F17: =(F12+F13)/F14

Sheet Skenario 12 LPTK
A1: Alternatif: hanya 12 LPTK inti (nilai tetap dari model; hitung ulang lewat sheet Asumsi bila perlu)
A3: Honorarium TPN | B3: 180000000
A4: Akomodasi | B4: 73950000
A5: Tiket | B5: 45000000
A6: Transportasi lokal | B6: 32400000
A7: Uang harian dan logistik | B7: 37800000
A8: Platform dan alat data | B8: 9900000
A9: Kontingensi | B9: 9330000
A10: Management fee | B10: 34000000
A11: PPN 11% atas fee | B11: 3740000
A12: TOTAL | B12: 426120000
A14: Termin pembayaran (usulan): 30% Laporan Awal disetujui; 40% laporan pendampingan 12 LPTK; 30% Paket Laporan Akhir final.
